product_id,product_name,category,brand,price,cost_price,stock,rating,supplier,launch_date
1,Apple Electronics Product 1,Electronics,Apple,5510.01,4063,70,4.5,Prime Distributors,2021-04-11
2,Boat Electronics Product 2,Electronics,Boat,3215.77,2735,175,4.7,Prime Distributors,2022-11-23
3,Samsung Electronics Product 3,Electronics,Samsung,3319.4,2845,173,4.7,Smart Wholesale,2025-08-12
4,Samsung Electronics Product 4,Electronics,Samsung,1713.58,1430,273,3.5,Global Traders,2022-01-24
5,Samsung Electronics Product 5,Electronics,Samsung,1328.64,928,32,4.3,Global Traders,2025-10-22
6,Sony Electronics Product 6,Electronics,Sony,5508.58,3843,348,4.4,ABC Suppliers,2021-03-23
7,Samsung Electronics Product 7,Electronics,Samsung,3683.21,2896,194,3.8,Prime Distributors,2021-03-18
8,Samsung Electronics Product 8,Electronics,Samsung,6290.8,4723,438,3.6,Global Traders,2023-04-25
9,Apple Electronics Product 9,Electronics,Apple,3641.12,2648,280,4.1,Prime Distributors,2024-11-04
10,Boat Electronics Product 10,Electronics,Boat,5468.56,3900,197,4.2,Prime Distributors,2021-06-03
11,Sony Electronics Product 11,Electronics,Sony,1953.31,1630,404,3.8,ABC Suppliers,2023-02-12
12,Realme Electronics Product 12,Electronics,Realme,6702.6,4469,361,4.5,ABC Suppliers,2024-07-14
13,Samsung Electronics Product 13,Electronics,Samsung,1368.09,1154,189,4.7,Prime Distributors,2021-03-11
14,Boat Electronics Product 14,Electronics,Boat,4530.33,3709,326,4.2,Global Traders,2025-05-22
15,Boat Electronics Product 15,Electronics,Boat,3042.85,2229,449,3.9,India Supply Hub,2021-04-04
16,Realme Electronics Product 16,Electronics,Realme,5460.48,4077,497,4.5,Smart Wholesale,2022-07-19
17,Apple Electronics Product 17,Electronics,Apple,5309.95,3381,252,4.7,India Supply Hub,2024-05-06
18,Samsung Electronics Product 18,Electronics,Samsung,1910.15,1296,234,4.0,India Supply Hub,2024-12-15
19,Samsung Electronics Product 19,Electronics,Samsung,528.93,383,210,3.7,India Supply Hub,2021-07-16
20,Samsung Electronics Product 20,Electronics,Samsung,3611.54,3105,366,4.3,Smart Wholesale,2023-05-05
21,Apple Electronics Product 21,Electronics,Apple,3511.94,2479,403,3.6,India Supply Hub,2024-08-20
22,Realme Electronics Product 22,Electronics,Realme,3180.05,2478,144,5.0,ABC Suppliers,2023-12-16
23,Sony Electronics Product 23,Electronics,Sony,888.96,735,118,4.6,ABC Suppliers,2024-04-26
24,Realme Electronics Product 24,Electronics,Realme,2136.11,1734,218,3.6,Global Traders,2022-11-04
25,Boat Electronics Product 25,Electronics,Boat,5482.5,4414,275,3.5,Smart Wholesale,2023-03-02
26,Boat Electronics Product 26,Electronics,Boat,1221.93,996,41,3.9,ABC Suppliers,2022-06-09
27,Realme Electronics Product 27,Electronics,Realme,4575.76,3584,226,3.5,Prime Distributors,2021-02-18
28,Sony Electronics Product 28,Electronics,Sony,865.6,561,180,4.6,Global Traders,2024-04-05
29,Boat Electronics Product 29,Electronics,Boat,531.09,404,36,4.4,Smart Wholesale,2021-08-10
30,Samsung Electronics Product 30,Electronics,Samsung,4803.08,3483,151,4.3,India Supply Hub,2021-01-27
31,Realme Electronics Product 31,Electronics,Realme,417.45,362,101,3.7,Smart Wholesale,2021-06-13
32,Sony Electronics Product 32,Electronics,Sony,4930.87,3464,466,4.7,India Supply Hub,2021-09-20
33,Apple Electronics Product 33,Electronics,Apple,6326.06,4488,39,4.9,Prime Distributors,2024-03-23
34,Apple Electronics Product 34,Electronics,Apple,5794.17,4375,409,4.3,Prime Distributors,2024-02-12
35,Sony Electronics Product 35,Electronics,Sony,2443.09,1959,489,4.1,Prime Distributors,2021-10-15
36,Realme Electronics Product 36,Electronics,Realme,5701.48,4019,274,3.8,Smart Wholesale,2024-09-10
37,Boat Electronics Product 37,Electronics,Boat,4632.2,3286,300,4.8,Prime Distributors,2024-10-01
38,Apple Electronics Product 38,Electronics,Apple,311.52,215,337,4.6,Smart Wholesale,2023-07-25
39,Realme Electronics Product 39,Electronics,Realme,4072.9,2710,115,4.8,ABC Suppliers,2024-10-04
40,Sony Electronics Product 40,Electronics,Sony,3446.01,2488,377,4.6,Prime Distributors,2023-04-27
41,Realme Electronics Product 41,Electronics,Realme,2030.39,1414,494,4.6,Prime Distributors,2021-04-24
42,Boat Electronics Product 42,Electronics,Boat,6256.84,4954,475,4.5,ABC Suppliers,2023-05-06
43,Apple Electronics Product 43,Electronics,Apple,6636.71,4833,92,4.6,Smart Wholesale,2024-12-07
44,Realme Electronics Product 44,Electronics,Realme,1340.72,848,374,4.1,Smart Wholesale,2025-07-07
45,Apple Electronics Product 45,Electronics,Apple,3604.02,2949,164,3.8,Prime Distributors,2021-01-08
46,Realme Electronics Product 46,Electronics,Realme,1707.06,1397,496,4.7,ABC Suppliers,2025-10-28
47,Sony Electronics Product 47,Electronics,Sony,6579.35,4597,260,3.9,Global Traders,2021-06-28
48,Realme Electronics Product 48,Electronics,Realme,316.36,213,422,4.7,ABC Suppliers,2022-05-02
49,Realme Electronics Product 49,Electronics,Realme,3687.74,2721,123,4.2,Prime Distributors,2022-04-23
50,Realme Electronics Product 50,Electronics,Realme,7411.7,4671,448,4.8,India Supply Hub,2021-08-12
51,Apple Electronics Product 51,Electronics,Apple,3670.45,2759,122,4.6,India Supply Hub,2023-06-28
52,Sony Electronics Product 52,Electronics,Sony,6508.62,4601,67,4.9,India Supply Hub,2024-09-05
53,Realme Electronics Product 53,Electronics,Realme,5661.57,4670,496,4.2,Prime Distributors,2021-02-18
54,Sony Electronics Product 54,Electronics,Sony,1182.45,933,41,4.6,Smart Wholesale,2022-01-27
55,Apple Electronics Product 55,Electronics,Apple,2557.47,1959,317,3.6,Smart Wholesale,2024-06-05
56,Samsung Electronics Product 56,Electronics,Samsung,3531.54,2946,229,4.4,India Supply Hub,2025-09-18
57,Realme Electronics Product 57,Electronics,Realme,6884.55,4328,360,4.4,ABC Suppliers,2024-05-11
58,Realme Electronics Product 58,Electronics,Realme,4604.09,3777,261,4.1,ABC Suppliers,2022-11-04
59,Samsung Electronics Product 59,Electronics,Samsung,2105.47,1552,336,4.5,Smart Wholesale,2021-07-04
60,Boat Electronics Product 60,Electronics,Boat,3086.38,1968,348,4.5,Prime Distributors,2023-09-21
61,Realme Electronics Product 61,Electronics,Realme,294.65,225,373,4.6,India Supply Hub,2023-07-19
62,Boat Electronics Product 62,Electronics,Boat,4736.5,4019,313,4.7,Prime Distributors,2023-06-01
63,Apple Electronics Product 63,Electronics,Apple,3505.88,2807,347,4.2,Global Traders,2021-04-11
64,Apple Electronics Product 64,Electronics,Apple,1425.78,1162,290,3.8,Prime Distributors,2021-12-12
65,Apple Electronics Product 65,Electronics,Apple,5652.16,3765,215,4.7,ABC Suppliers,2023-08-06
66,Realme Electronics Product 66,Electronics,Realme,5157.85,3888,102,4.0,India Supply Hub,2022-11-15
67,Apple Electronics Product 67,Electronics,Apple,5463.72,3439,60,4.2,Smart Wholesale,2021-04-09
68,Samsung Electronics Product 68,Electronics,Samsung,2616.78,1856,171,4.1,Global Traders,2021-11-12
69,Boat Electronics Product 69,Electronics,Boat,5010.91,4099,70,4.6,ABC Suppliers,2021-01-02
70,Realme Electronics Product 70,Electronics,Realme,2001.39,1723,192,4.6,Global Traders,2021-03-15
71,Nike Fashion Product 1,Fashion,Nike,2617.25,2039,297,4.7,ABC Suppliers,2023-05-24
72,Nike Fashion Product 2,Fashion,Nike,365.48,244,160,4.7,Global Traders,2022-06-21
73,Zara Fashion Product 3,Fashion,Zara,3534.23,2334,167,3.8,Global Traders,2023-08-21
74,Adidas Fashion Product 4,Fashion,Adidas,5143.6,3745,278,3.7,ABC Suppliers,2025-08-22
75,Nike Fashion Product 5,Fashion,Nike,3588.68,2585,48,4.0,Prime Distributors,2022-03-09
76,Zara Fashion Product 6,Fashion,Zara,4837.08,3931,114,4.2,Smart Wholesale,2023-01-02
77,Puma Fashion Product 7,Fashion,Puma,5836.97,4341,446,4.9,Prime Distributors,2025-11-28
78,Zara Fashion Product 8,Fashion,Zara,1427.17,1147,469,3.6,Smart Wholesale,2022-01-27
79,Levis Fashion Product 9,Fashion,Levis,3656.05,2698,212,4.1,Global Traders,2025-03-21
80,Puma Fashion Product 10,Fashion,Puma,1507.21,1153,483,4.3,ABC Suppliers,2023-06-02
81,Levis Fashion Product 11,Fashion,Levis,2708.98,2120,25,4.0,Smart Wholesale,2025-11-05
82,Adidas Fashion Product 12,Fashion,Adidas,2444.46,1986,354,4.9,Smart Wholesale,2025-01-11
83,Adidas Fashion Product 13,Fashion,Adidas,1670.74,1248,302,3.8,ABC Suppliers,2022-06-02
84,Adidas Fashion Product 14,Fashion,Adidas,1771.92,1233,349,4.6,Global Traders,2025-10-21
85,Levis Fashion Product 15,Fashion,Levis,2808.24,1880,368,4.2,Global Traders,2021-07-10
86,Nike Fashion Product 16,Fashion,Nike,2015.41,1582,401,4.5,Prime Distributors,2023-01-19
87,Adidas Fashion Product 17,Fashion,Adidas,2389.96,1927,62,4.0,Smart Wholesale,2021-07-15
88,Puma Fashion Product 18,Fashion,Puma,5842.95,4873,343,3.8,India Supply Hub,2023-06-22
89,Zara Fashion Product 19,Fashion,Zara,2701.19,1848,337,3.5,India Supply Hub,2021-08-13
90,Levis Fashion Product 20,Fashion,Levis,554.23,365,75,4.5,ABC Suppliers,2023-12-16
91,Nike Fashion Product 21,Fashion,Nike,4580.58,3821,421,4.5,Prime Distributors,2021-08-05
92,Zara Fashion Product 22,Fashion,Zara,4335.86,3610,71,3.8,India Supply Hub,2024-01-12
93,Nike Fashion Product 23,Fashion,Nike,3635.74,2461,35,4.6,Prime Distributors,2022-08-14
94,Nike Fashion Product 24,Fashion,Nike,1350.71,1088,448,3.8,India Supply Hub,2024-06-08
95,Zara Fashion Product 25,Fashion,Zara,3026.12,2112,130,4.9,Prime Distributors,2024-06-15
96,Zara Fashion Product 26,Fashion,Zara,4716.81,3018,81,4.2,India Supply Hub,2023-03-04
97,Zara Fashion Product 27,Fashion,Zara,7527.47,4709,77,3.5,ABC Suppliers,2023-02-01
98,Puma Fashion Product 28,Fashion,Puma,1794.77,1222,261,3.6,India Supply Hub,2025-05-10
99,Adidas Fashion Product 29,Fashion,Adidas,3525.46,2976,341,3.6,Global Traders,2021-06-12
100,Nike Fashion Product 30,Fashion,Nike,3988.92,2778,211,4.4,ABC Suppliers,2024-11-03
101,Adidas Fashion Product 31,Fashion,Adidas,1220.42,905,461,3.5,Prime Distributors,2025-06-23
102,Adidas Fashion Product 32,Fashion,Adidas,3981.48,2911,455,4.8,India Supply Hub,2025-05-16
103,Nike Fashion Product 33,Fashion,Nike,2323.84,1830,48,3.7,Smart Wholesale,2024-03-27
104,Puma Fashion Product 34,Fashion,Puma,7588.14,4828,292,4.0,Prime Distributors,2024-08-05
105,Nike Fashion Product 35,Fashion,Nike,1490.91,1261,259,4.6,Prime Distributors,2024-12-25
106,Adidas Fashion Product 36,Fashion,Adidas,5064.37,4203,74,4.7,Smart Wholesale,2022-05-14
107,Adidas Fashion Product 37,Fashion,Adidas,564.18,442,430,4.9,Global Traders,2021-02-11
108,Levis Fashion Product 38,Fashion,Levis,4398.15,3589,444,3.8,Smart Wholesale,2024-01-09
109,Adidas Fashion Product 39,Fashion,Adidas,4162.04,2629,37,4.9,Prime Distributors,2023-01-19
110,Puma Fashion Product 40,Fashion,Puma,489.22,316,280,4.2,Global Traders,2022-11-19
111,Adidas Fashion Product 41,Fashion,Adidas,1792.47,1301,259,4.7,Smart Wholesale,2021-04-28
112,Zara Fashion Product 42,Fashion,Zara,1181.15,755,477,3.7,Smart Wholesale,2025-09-25
113,Levis Fashion Product 43,Fashion,Levis,1419.12,973,421,3.6,ABC Suppliers,2022-05-19
114,Nike Fashion Product 44,Fashion,Nike,1871.93,1314,423,4.3,India Supply Hub,2025-02-12
115,Nike Fashion Product 45,Fashion,Nike,5205.15,3640,444,4.3,India Supply Hub,2025-07-01
116,Zara Fashion Product 46,Fashion,Zara,1376.85,923,217,4.1,Smart Wholesale,2023-06-12
117,Puma Fashion Product 47,Fashion,Puma,4321.82,3299,186,3.9,ABC Suppliers,2023-02-24
118,Zara Fashion Product 48,Fashion,Zara,3713.81,2826,152,4.2,Prime Distributors,2024-09-23
119,Adidas Fashion Product 49,Fashion,Adidas,1142.79,737,145,4.1,ABC Suppliers,2023-05-17
120,Zara Fashion Product 50,Fashion,Zara,2446.72,1849,50,4.2,Smart Wholesale,2023-12-21
121,Zara Fashion Product 51,Fashion,Zara,5227.39,3618,313,4.6,ABC Suppliers,2021-04-16
122,Levis Fashion Product 52,Fashion,Levis,5740.41,4086,152,3.5,India Supply Hub,2021-04-18
123,Levis Fashion Product 53,Fashion,Levis,3833.49,2465,134,4.6,India Supply Hub,2021-03-08
124,Adidas Fashion Product 54,Fashion,Adidas,2317.28,1648,239,4.1,Global Traders,2025-08-14
125,Nike Fashion Product 55,Fashion,Nike,1417.53,919,245,4.0,Global Traders,2024-03-27
126,Zara Fashion Product 56,Fashion,Zara,1428.47,1041,302,3.9,India Supply Hub,2024-05-10
127,Zara Fashion Product 57,Fashion,Zara,5625.09,3744,33,4.7,ABC Suppliers,2025-07-19
128,Levis Fashion Product 58,Fashion,Levis,7249.11,4604,331,4.0,Prime Distributors,2021-06-05
129,Zara Fashion Product 59,Fashion,Zara,1694.79,1356,373,4.8,Prime Distributors,2021-10-27
130,Zara Fashion Product 60,Fashion,Zara,6978.17,4413,318,3.8,Global Traders,2024-08-04
131,Zara Fashion Product 61,Fashion,Zara,3407.77,2455,283,3.6,ABC Suppliers,2025-02-05
132,Nike Fashion Product 62,Fashion,Nike,3325.79,2488,314,3.7,India Supply Hub,2024-04-15
133,Puma Fashion Product 63,Fashion,Puma,1385.0,921,135,3.9,Global Traders,2021-10-19
134,Nike Fashion Product 64,Fashion,Nike,2633.54,2281,328,3.9,Prime Distributors,2022-06-09
135,Puma Fashion Product 65,Fashion,Puma,3090.72,2122,302,4.4,Smart Wholesale,2022-12-12
136,Nike Fashion Product 66,Fashion,Nike,4095.33,2762,320,4.4,Global Traders,2023-10-08
137,Levis Fashion Product 67,Fashion,Levis,787.16,564,355,4.0,Prime Distributors,2021-07-20
138,Puma Fashion Product 68,Fashion,Puma,3506.35,2194,482,3.8,ABC Suppliers,2023-08-17
139,Adidas Fashion Product 69,Fashion,Adidas,2265.99,1684,150,4.1,Prime Distributors,2025-05-20
140,Levis Fashion Product 70,Fashion,Levis,5179.89,3461,498,4.3,Smart Wholesale,2023-08-13
141,Philips Home Product 1,Home,Philips,3465.47,2333,396,4.1,Smart Wholesale,2024-02-28
142,Prestige Home Product 2,Home,Prestige,7107.07,4870,242,3.9,Prime Distributors,2021-12-22
143,Milton Home Product 3,Home,Milton,2546.19,1601,437,4.9,Smart Wholesale,2024-08-08
144,Cello Home Product 4,Home,Cello,7284.31,4919,460,3.9,India Supply Hub,2025-09-14
145,Philips Home Product 5,Home,Philips,4883.75,3413,479,4.0,India Supply Hub,2025-03-17
146,Cello Home Product 6,Home,Cello,6070.29,4446,195,4.5,Prime Distributors,2022-11-28
147,Milton Home Product 7,Home,Milton,3179.57,2006,495,3.6,Prime Distributors,2023-12-21
148,Cello Home Product 8,Home,Cello,3537.78,2590,314,4.1,Smart Wholesale,2022-05-10
149,Cello Home Product 9,Home,Cello,677.69,583,72,3.8,Prime Distributors,2021-12-09
150,Cello Home Product 10,Home,Cello,1557.76,1039,256,3.8,Global Traders,2024-10-07
151,Cello Home Product 11,Home,Cello,2209.42,1798,46,3.9,Global Traders,2024-09-07
152,Milton Home Product 12,Home,Milton,4728.82,3178,384,3.7,Smart Wholesale,2023-11-20
153,Cello Home Product 13,Home,Cello,2235.46,1466,235,5.0,India Supply Hub,2021-11-12
154,Milton Home Product 14,Home,Milton,4311.07,2986,257,3.7,Global Traders,2025-07-22
155,Prestige Home Product 15,Home,Prestige,1664.23,1063,200,4.0,Smart Wholesale,2024-03-19
156,Milton Home Product 16,Home,Milton,6069.85,4189,113,5.0,Global Traders,2021-05-25
157,Milton Home Product 17,Home,Milton,7015.66,4569,320,3.6,India Supply Hub,2024-12-11
158,Milton Home Product 18,Home,Milton,4044.58,2537,144,3.8,India Supply Hub,2022-07-19
159,Cello Home Product 19,Home,Cello,1228.11,953,293,4.9,Smart Wholesale,2023-12-12
160,Cello Home Product 20,Home,Cello,2545.11,2135,49,4.5,Prime Distributors,2021-12-13
161,Prestige Home Product 21,Home,Prestige,1211.4,806,364,4.4,Prime Distributors,2023-06-10
162,Milton Home Product 22,Home,Milton,4674.67,2979,405,4.2,Smart Wholesale,2025-04-14
163,Cello Home Product 23,Home,Cello,3339.46,2094,465,4.9,Smart Wholesale,2024-02-17
164,Philips Home Product 24,Home,Philips,4858.57,3090,77,4.8,ABC Suppliers,2021-11-13
165,Cello Home Product 25,Home,Cello,5590.51,4651,24,4.0,Prime Distributors,2022-04-10
166,Prestige Home Product 26,Home,Prestige,1668.15,1190,107,3.6,Global Traders,2024-05-28
167,Philips Home Product 27,Home,Philips,4668.94,3374,227,4.7,Smart Wholesale,2025-05-06
168,Cello Home Product 28,Home,Cello,846.8,675,448,3.7,Smart Wholesale,2023-03-12
169,Cello Home Product 29,Home,Cello,577.79,475,143,4.4,Global Traders,2022-09-10
170,Milton Home Product 30,Home,Milton,693.72,470,425,4.9,Prime Distributors,2024-10-08
171,Milton Home Product 31,Home,Milton,6936.56,4744,159,4.7,India Supply Hub,2024-02-02
172,Milton Home Product 32,Home,Milton,2309.64,1531,244,4.9,Smart Wholesale,2021-10-16
173,Prestige Home Product 33,Home,Prestige,3034.57,2402,61,4.9,India Supply Hub,2024-07-01
174,Cello Home Product 34,Home,Cello,3472.58,2337,142,4.0,ABC Suppliers,2022-03-12
175,Milton Home Product 35,Home,Milton,2705.87,1742,310,4.1,ABC Suppliers,2023-08-18
176,Philips Home Product 36,Home,Philips,5112.93,4100,127,3.9,ABC Suppliers,2022-03-09
177,Cello Home Product 37,Home,Cello,2750.97,2322,314,4.8,Prime Distributors,2023-11-05
178,Prestige Home Product 38,Home,Prestige,4402.34,3497,93,4.2,Global Traders,2022-08-03
179,Prestige Home Product 39,Home,Prestige,673.16,518,203,4.2,Global Traders,2024-11-03
180,Cello Home Product 40,Home,Cello,1416.52,1056,23,4.5,India Supply Hub,2025-09-08
181,Prestige Home Product 41,Home,Prestige,4610.23,3756,274,5.0,Prime Distributors,2022-03-27
182,Milton Home Product 42,Home,Milton,5674.91,3664,239,3.9,Smart Wholesale,2025-10-01
183,Milton Home Product 43,Home,Milton,2068.72,1342,79,4.9,India Supply Hub,2022-05-06
184,Prestige Home Product 44,Home,Prestige,6071.24,4537,281,4.0,Global Traders,2024-05-17
185,Prestige Home Product 45,Home,Prestige,4683.59,3548,154,4.4,India Supply Hub,2025-07-18
186,Philips Home Product 46,Home,Philips,4368.44,3147,150,4.1,ABC Suppliers,2024-08-24
187,Prestige Home Product 47,Home,Prestige,3050.7,2091,356,4.6,Prime Distributors,2023-01-25
188,Milton Home Product 48,Home,Milton,6703.89,4608,63,3.7,India Supply Hub,2021-10-27
189,Prestige Home Product 49,Home,Prestige,3062.99,2006,36,3.5,Prime Distributors,2025-04-01
190,Milton Home Product 50,Home,Milton,4994.94,3904,359,4.0,Smart Wholesale,2024-09-04
191,Cello Home Product 51,Home,Cello,1937.48,1383,170,4.6,India Supply Hub,2022-08-06
192,Milton Home Product 52,Home,Milton,3551.6,2747,190,4.5,ABC Suppliers,2021-04-16
193,Milton Home Product 53,Home,Milton,2454.09,1553,299,3.8,Smart Wholesale,2024-12-02
194,Prestige Home Product 54,Home,Prestige,4961.58,3559,145,3.8,Smart Wholesale,2023-12-11
195,Philips Home Product 55,Home,Philips,1421.15,1215,67,3.9,Prime Distributors,2025-11-16
196,Milton Home Product 56,Home,Milton,417.62,301,260,4.6,India Supply Hub,2024-12-14
197,Philips Home Product 57,Home,Philips,5076.47,3769,59,4.9,ABC Suppliers,2025-11-22
198,Cello Home Product 58,Home,Cello,1282.09,1008,268,4.4,India Supply Hub,2024-01-05
199,Philips Home Product 59,Home,Philips,352.68,288,420,3.9,Global Traders,2024-11-01
200,Cello Home Product 60,Home,Cello,4431.06,3399,28,3.8,Prime Distributors,2021-01-07
201,Milton Home Product 61,Home,Milton,585.34,423,168,4.9,Global Traders,2024-08-23
202,Prestige Home Product 62,Home,Prestige,6723.19,4601,465,3.8,ABC Suppliers,2022-02-16
203,Milton Home Product 63,Home,Milton,5565.81,3827,102,4.1,Smart Wholesale,2022-06-27
204,Prestige Home Product 64,Home,Prestige,2984.95,2201,196,4.9,India Supply Hub,2025-07-15
205,Cello Home Product 65,Home,Cello,7507.34,4943,427,4.9,Global Traders,2021-04-20
206,Philips Home Product 66,Home,Philips,1253.41,1068,427,3.8,Prime Distributors,2021-12-20
207,Philips Home Product 67,Home,Philips,5158.74,3268,470,5.0,ABC Suppliers,2021-12-08
208,Philips Home Product 68,Home,Philips,6502.5,4977,360,3.7,Smart Wholesale,2024-03-01
209,Philips Home Product 69,Home,Philips,4416.27,3570,455,4.3,Global Traders,2021-11-16
210,Milton Home Product 70,Home,Milton,5315.86,4191,344,3.8,India Supply Hub,2024-02-16
211,Nivea Beauty Product 1,Beauty,Nivea,397.55,334,44,4.3,Smart Wholesale,2025-10-11
212,Lakme Beauty Product 2,Beauty,Lakme,744.74,506,135,4.8,Global Traders,2023-12-18
213,Loreal Beauty Product 3,Beauty,Loreal,2423.73,2052,258,4.1,Smart Wholesale,2021-10-24
214,Maybelline Beauty Product 4,Beauty,Maybelline,2474.95,1770,420,4.1,Prime Distributors,2024-07-06
215,Loreal Beauty Product 5,Beauty,Loreal,5841.08,4912,42,3.9,ABC Suppliers,2023-09-05
216,Loreal Beauty Product 6,Beauty,Loreal,5868.33,3974,72,4.6,ABC Suppliers,2025-08-04
217,Nivea Beauty Product 7,Beauty,Nivea,4192.63,3160,456,3.6,Smart Wholesale,2022-08-09
218,Loreal Beauty Product 8,Beauty,Loreal,1540.72,1058,119,4.0,India Supply Hub,2023-10-10
219,Loreal Beauty Product 9,Beauty,Loreal,5917.6,4649,145,4.7,India Supply Hub,2025-03-28
220,Maybelline Beauty Product 10,Beauty,Maybelline,5010.49,3521,489,4.8,Prime Distributors,2024-08-13
221,Lakme Beauty Product 11,Beauty,Lakme,321.01,266,287,4.5,ABC Suppliers,2023-09-10
222,Lakme Beauty Product 12,Beauty,Lakme,2837.04,2126,21,3.5,Global Traders,2024-01-10
223,Maybelline Beauty Product 13,Beauty,Maybelline,1571.62,1229,352,4.1,India Supply Hub,2022-11-03
224,Maybelline Beauty Product 14,Beauty,Maybelline,245.53,200,480,4.8,India Supply Hub,2025-05-27
225,Nivea Beauty Product 15,Beauty,Nivea,2588.02,1976,62,4.2,Global Traders,2025-11-21
226,Lakme Beauty Product 16,Beauty,Lakme,5779.3,4672,308,3.8,Prime Distributors,2024-11-18
227,Maybelline Beauty Product 17,Beauty,Maybelline,4092.37,2558,79,4.8,Global Traders,2025-05-14
228,Nivea Beauty Product 18,Beauty,Nivea,5511.46,3884,201,4.8,Global Traders,2023-05-05
229,Lakme Beauty Product 19,Beauty,Lakme,1923.75,1668,243,3.8,Smart Wholesale,2025-07-13
230,Nivea Beauty Product 20,Beauty,Nivea,4148.17,3032,152,4.0,ABC Suppliers,2021-12-01
231,Lakme Beauty Product 21,Beauty,Lakme,4575.63,2987,410,3.9,Smart Wholesale,2024-09-16
232,Lakme Beauty Product 22,Beauty,Lakme,2127.22,1716,489,4.2,India Supply Hub,2024-09-18
233,Maybelline Beauty Product 23,Beauty,Maybelline,1381.66,1120,62,4.8,Smart Wholesale,2025-06-01
234,Maybelline Beauty Product 24,Beauty,Maybelline,5602.12,4197,136,3.7,Smart Wholesale,2025-06-11
235,Nivea Beauty Product 25,Beauty,Nivea,1098.4,955,192,4.6,Prime Distributors,2022-06-02
236,Lakme Beauty Product 26,Beauty,Lakme,4408.04,3658,56,4.5,Smart Wholesale,2024-01-21
237,Maybelline Beauty Product 27,Beauty,Maybelline,843.71,720,177,4.6,Prime Distributors,2025-09-21
238,Lakme Beauty Product 28,Beauty,Lakme,3679.31,2779,278,4.5,ABC Suppliers,2022-07-25
239,Nivea Beauty Product 29,Beauty,Nivea,4250.43,3165,330,4.3,ABC Suppliers,2025-03-26
240,Nivea Beauty Product 30,Beauty,Nivea,2624.36,1975,203,3.6,Global Traders,2023-09-21
241,Loreal Beauty Product 31,Beauty,Loreal,662.2,449,51,3.6,Global Traders,2022-09-14
242,Maybelline Beauty Product 32,Beauty,Maybelline,6330.61,4720,423,4.2,India Supply Hub,2024-04-07
243,Loreal Beauty Product 33,Beauty,Loreal,4399.4,3452,384,4.0,India Supply Hub,2022-06-27
244,Loreal Beauty Product 34,Beauty,Loreal,4918.04,4033,61,4.1,Prime Distributors,2021-09-02
245,Nivea Beauty Product 35,Beauty,Nivea,5580.02,3517,341,3.9,India Supply Hub,2022-05-23
246,Nivea Beauty Product 36,Beauty,Nivea,4424.62,3669,392,3.6,Global Traders,2025-01-21
247,Loreal Beauty Product 37,Beauty,Loreal,2157.02,1818,105,3.9,Prime Distributors,2022-12-22
248,Nivea Beauty Product 38,Beauty,Nivea,4272.42,2714,175,4.5,Global Traders,2025-10-07
249,Nivea Beauty Product 39,Beauty,Nivea,3504.2,2697,314,4.0,India Supply Hub,2024-07-13
250,Lakme Beauty Product 40,Beauty,Lakme,2966.01,2167,146,4.6,Smart Wholesale,2021-01-16
251,Loreal Beauty Product 41,Beauty,Loreal,6976.91,4627,206,4.9,ABC Suppliers,2024-02-21
252,Lakme Beauty Product 42,Beauty,Lakme,6509.89,4552,230,4.2,Smart Wholesale,2021-03-18
253,Nivea Beauty Product 43,Beauty,Nivea,3268.57,2328,396,3.7,India Supply Hub,2022-04-24
254,Maybelline Beauty Product 44,Beauty,Maybelline,3465.51,2209,121,4.3,Prime Distributors,2021-12-03
255,Lakme Beauty Product 45,Beauty,Lakme,2139.05,1653,148,3.8,ABC Suppliers,2024-02-23
256,Nivea Beauty Product 46,Beauty,Nivea,5002.84,3306,270,4.5,ABC Suppliers,2023-12-02
257,Lakme Beauty Product 47,Beauty,Lakme,6053.05,4605,115,4.3,Prime Distributors,2021-06-01
258,Nivea Beauty Product 48,Beauty,Nivea,4664.69,3460,111,4.7,Global Traders,2025-08-15
259,Lakme Beauty Product 49,Beauty,Lakme,3797.38,2969,215,4.2,Global Traders,2021-12-25
260,Maybelline Beauty Product 50,Beauty,Maybelline,5601.62,4813,436,4.7,Global Traders,2022-10-14
261,Maybelline Beauty Product 51,Beauty,Maybelline,1783.09,1150,78,4.2,Global Traders,2024-12-12
262,Nivea Beauty Product 52,Beauty,Nivea,1922.16,1570,486,3.9,ABC Suppliers,2024-05-06
263,Nivea Beauty Product 53,Beauty,Nivea,6118.35,4632,423,4.3,Global Traders,2024-02-11
264,Nivea Beauty Product 54,Beauty,Nivea,4595.31,2975,42,3.8,ABC Suppliers,2022-04-21
265,Lakme Beauty Product 55,Beauty,Lakme,2369.28,1826,368,5.0,Smart Wholesale,2022-03-20
266,Lakme Beauty Product 56,Beauty,Lakme,655.75,469,329,3.7,Prime Distributors,2022-09-10
267,Loreal Beauty Product 57,Beauty,Loreal,4779.51,3160,123,3.6,ABC Suppliers,2024-09-21
268,Nivea Beauty Product 58,Beauty,Nivea,3922.32,2620,170,4.3,India Supply Hub,2021-10-14
269,Nivea Beauty Product 59,Beauty,Nivea,1625.72,1087,62,4.3,India Supply Hub,2021-09-23
270,Nivea Beauty Product 60,Beauty,Nivea,1258.93,1020,201,4.7,Global Traders,2025-09-22
271,Nivea Beauty Product 61,Beauty,Nivea,1157.82,753,458,3.8,India Supply Hub,2022-08-27
272,Lakme Beauty Product 62,Beauty,Lakme,2124.34,1828,259,4.2,India Supply Hub,2022-04-12
273,Lakme Beauty Product 63,Beauty,Lakme,1425.92,1186,154,4.3,Smart Wholesale,2024-06-25
274,Loreal Beauty Product 64,Beauty,Loreal,2891.92,2434,398,3.8,Smart Wholesale,2024-08-08
275,Loreal Beauty Product 65,Beauty,Loreal,5860.41,4542,462,4.7,Prime Distributors,2021-05-18
276,Nivea Beauty Product 66,Beauty,Nivea,840.0,530,456,5.0,India Supply Hub,2024-06-07
277,Maybelline Beauty Product 67,Beauty,Maybelline,3013.93,2119,327,4.8,Smart Wholesale,2025-12-05
278,Loreal Beauty Product 68,Beauty,Loreal,2338.26,1669,183,4.1,India Supply Hub,2024-09-27
279,Nivea Beauty Product 69,Beauty,Nivea,4485.22,3851,199,4.3,Smart Wholesale,2025-08-17
280,Loreal Beauty Product 70,Beauty,Loreal,4159.17,3496,267,4.1,ABC Suppliers,2022-02-18
281,Puma Sports Product 1,Sports,Puma,5148.08,3283,458,4.6,India Supply Hub,2023-06-25
282,Puma Sports Product 2,Sports,Puma,4605.44,3843,25,4.2,India Supply Hub,2022-11-25
283,Nike Sports Product 3,Sports,Nike,893.81,699,467,4.4,Prime Distributors,2024-08-21
284,Yonex Sports Product 4,Sports,Yonex,465.94,347,242,4.7,Prime Distributors,2025-11-12
285,Nike Sports Product 5,Sports,Nike,758.92,630,360,3.9,India Supply Hub,2021-02-27
286,Yonex Sports Product 6,Sports,Yonex,3284.11,2077,115,4.9,India Supply Hub,2022-03-19
287,Puma Sports Product 7,Sports,Puma,6451.34,4778,407,4.1,Global Traders,2022-10-15
288,Nike Sports Product 8,Sports,Nike,1761.65,1119,111,4.7,India Supply Hub,2022-05-27
289,Puma Sports Product 9,Sports,Puma,444.25,361,63,4.2,ABC Suppliers,2024-12-19
290,Yonex Sports Product 10,Sports,Yonex,1712.97,1139,305,4.4,Global Traders,2025-06-11
291,Puma Sports Product 11,Sports,Puma,2165.5,1438,137,3.7,Smart Wholesale,2024-08-28
292,Yonex Sports Product 12,Sports,Yonex,4891.34,3554,235,4.6,India Supply Hub,2022-12-10
293,Nike Sports Product 13,Sports,Nike,3313.89,2277,120,3.8,Global Traders,2023-01-10
294,Cosco Sports Product 14,Sports,Cosco,6342.22,4629,415,3.8,India Supply Hub,2021-06-20
295,Puma Sports Product 15,Sports,Puma,4578.36,3680,494,4.8,Global Traders,2025-05-27
296,Nike Sports Product 16,Sports,Nike,2405.04,1625,394,4.7,Global Traders,2022-11-22
297,Yonex Sports Product 17,Sports,Yonex,1652.12,1300,73,4.4,Smart Wholesale,2022-07-15
298,Nike Sports Product 18,Sports,Nike,6674.8,4464,182,4.0,Global Traders,2024-05-11
299,Nike Sports Product 19,Sports,Nike,7475.8,4982,498,4.2,Smart Wholesale,2022-06-18
300,Nike Sports Product 20,Sports,Nike,4564.35,3014,40,4.2,ABC Suppliers,2025-03-19
301,Nike Sports Product 21,Sports,Nike,5248.94,4355,450,4.6,India Supply Hub,2024-05-06
302,Yonex Sports Product 22,Sports,Yonex,2346.49,1623,497,4.8,Smart Wholesale,2024-01-14
303,Yonex Sports Product 23,Sports,Yonex,6612.93,4682,81,3.6,Smart Wholesale,2023-11-16
304,Puma Sports Product 24,Sports,Puma,1897.71,1284,215,3.7,Global Traders,2022-10-14
305,Cosco Sports Product 25,Sports,Cosco,3796.64,3146,377,3.8,Global Traders,2025-08-11
306,Yonex Sports Product 26,Sports,Yonex,5184.46,3996,77,4.3,Prime Distributors,2022-10-22
307,Puma Sports Product 27,Sports,Puma,4025.94,2773,347,4.3,India Supply Hub,2024-10-03
308,Cosco Sports Product 28,Sports,Cosco,1524.38,960,240,3.8,Smart Wholesale,2022-12-14
309,Puma Sports Product 29,Sports,Puma,5279.6,3823,260,4.3,India Supply Hub,2023-02-07
310,Nike Sports Product 30,Sports,Nike,4898.75,3154,373,4.6,Prime Distributors,2022-01-16
311,Nike Sports Product 31,Sports,Nike,1491.18,1188,473,4.7,Prime Distributors,2025-08-16
312,Yonex Sports Product 32,Sports,Yonex,2945.91,1896,122,4.0,ABC Suppliers,2021-12-14
313,Yonex Sports Product 33,Sports,Yonex,988.44,734,373,3.6,India Supply Hub,2023-10-10
314,Yonex Sports Product 34,Sports,Yonex,6266.06,3990,137,4.0,ABC Suppliers,2025-03-09
315,Yonex Sports Product 35,Sports,Yonex,2226.68,1553,390,4.3,ABC Suppliers,2022-05-17
316,Puma Sports Product 36,Sports,Puma,665.43,513,240,4.5,Prime Distributors,2023-06-03
317,Nike Sports Product 37,Sports,Nike,2024.72,1445,41,4.8,ABC Suppliers,2021-05-01
318,Cosco Sports Product 38,Sports,Cosco,2099.77,1744,300,3.9,Prime Distributors,2021-01-18
319,Puma Sports Product 39,Sports,Puma,1987.96,1567,459,4.8,Global Traders,2024-10-19
320,Puma Sports Product 40,Sports,Puma,2871.25,1807,275,4.1,ABC Suppliers,2025-11-11
321,Yonex Sports Product 41,Sports,Yonex,5283.24,3650,201,4.0,Smart Wholesale,2024-09-06
322,Nike Sports Product 42,Sports,Nike,331.38,262,239,4.9,Smart Wholesale,2024-08-12
323,Nike Sports Product 43,Sports,Nike,3174.59,2070,130,3.6,Smart Wholesale,2025-11-02
324,Puma Sports Product 44,Sports,Puma,4741.35,3580,38,3.9,ABC Suppliers,2025-09-11
325,Cosco Sports Product 45,Sports,Cosco,2195.94,1891,237,4.4,Prime Distributors,2021-04-20
326,Yonex Sports Product 46,Sports,Yonex,2999.88,2007,495,4.3,India Supply Hub,2021-08-02
327,Nike Sports Product 47,Sports,Nike,429.36,363,56,3.9,Prime Distributors,2022-02-09
328,Nike Sports Product 48,Sports,Nike,5573.93,3553,277,4.4,India Supply Hub,2025-07-23
329,Puma Sports Product 49,Sports,Puma,4514.9,3187,441,3.7,Global Traders,2021-10-05
330,Puma Sports Product 50,Sports,Puma,470.02,360,401,3.6,India Supply Hub,2021-02-19
331,Cosco Sports Product 51,Sports,Cosco,3016.66,2601,56,4.9,India Supply Hub,2022-09-06
332,Nike Sports Product 52,Sports,Nike,3688.87,2482,29,4.0,Prime Distributors,2023-05-26
333,Yonex Sports Product 53,Sports,Yonex,3784.02,3081,108,4.0,Global Traders,2021-07-07
334,Yonex Sports Product 54,Sports,Yonex,2817.4,1948,329,4.4,Smart Wholesale,2023-10-18
335,Nike Sports Product 55,Sports,Nike,5478.06,4688,60,3.8,Global Traders,2024-04-19
336,Yonex Sports Product 56,Sports,Yonex,6427.64,4373,184,3.8,Smart Wholesale,2023-11-02
337,Puma Sports Product 57,Sports,Puma,3201.23,2210,268,4.3,Prime Distributors,2022-06-12
338,Yonex Sports Product 58,Sports,Yonex,807.14,615,117,4.8,Smart Wholesale,2023-12-10
339,Nike Sports Product 59,Sports,Nike,6100.66,4349,125,3.8,Smart Wholesale,2021-05-14
340,Yonex Sports Product 60,Sports,Yonex,4345.92,3423,423,4.4,ABC Suppliers,2021-09-28
341,Nike Sports Product 61,Sports,Nike,728.98,527,124,3.7,ABC Suppliers,2023-10-10
342,Yonex Sports Product 62,Sports,Yonex,1868.95,1302,417,3.7,Global Traders,2025-12-23
343,Cosco Sports Product 63,Sports,Cosco,769.79,614,316,4.6,Global Traders,2022-01-13
344,Puma Sports Product 64,Sports,Puma,7305.89,4688,410,3.6,Global Traders,2022-02-18
345,Puma Sports Product 65,Sports,Puma,4146.5,3278,26,4.8,Prime Distributors,2022-04-22
346,Puma Sports Product 66,Sports,Puma,1418.62,909,448,4.4,India Supply Hub,2024-10-10
347,Nike Sports Product 67,Sports,Nike,4144.0,2751,61,3.6,Prime Distributors,2023-12-22
348,Cosco Sports Product 68,Sports,Cosco,4604.31,3326,98,3.5,ABC Suppliers,2025-09-28
349,Nike Sports Product 69,Sports,Nike,3955.81,2690,307,4.3,Smart Wholesale,2023-02-09
350,Cosco Sports Product 70,Sports,Cosco,2935.2,2344,456,4.3,Global Traders,2023-03-20
351,Oxford Books Product 1,Books,Oxford,3741.37,2441,279,4.1,ABC Suppliers,2023-03-12
352,Oxford Books Product 2,Books,Oxford,2137.39,1510,67,3.7,India Supply Hub,2022-10-26
353,Harper Books Product 3,Books,Harper,4033.86,3384,73,3.7,Global Traders,2023-03-23
354,McGraw Books Product 4,Books,McGraw,2327.36,1615,257,4.2,Prime Distributors,2021-03-02
355,Harper Books Product 5,Books,Harper,1612.73,1011,126,4.9,Global Traders,2025-07-06
356,Harper Books Product 6,Books,Harper,5906.11,3992,182,4.1,Smart Wholesale,2023-01-19
357,Harper Books Product 7,Books,Harper,1383.75,1084,485,4.3,India Supply Hub,2021-11-08
358,McGraw Books Product 8,Books,McGraw,2126.98,1448,431,4.6,India Supply Hub,2025-07-27
359,Penguin Books Product 9,Books,Penguin,261.86,225,77,4.6,India Supply Hub,2024-04-24
360,Harper Books Product 10,Books,Harper,1730.68,1087,247,4.9,Global Traders,2024-11-22
361,Oxford Books Product 11,Books,Oxford,1407.31,900,419,4.0,Prime Distributors,2024-12-24
362,Penguin Books Product 12,Books,Penguin,5311.89,3427,498,3.9,Prime Distributors,2022-10-27
363,McGraw Books Product 13,Books,McGraw,1697.25,1247,145,4.2,Prime Distributors,2023-12-11
364,McGraw Books Product 14,Books,McGraw,5852.36,4261,372,4.2,India Supply Hub,2022-09-18
365,Penguin Books Product 15,Books,Penguin,4165.14,2869,230,4.9,India Supply Hub,2023-01-18
366,Penguin Books Product 16,Books,Penguin,3668.02,2993,422,4.5,Smart Wholesale,2021-08-09
367,McGraw Books Product 17,Books,McGraw,1962.95,1436,388,3.7,Global Traders,2023-01-10
368,Harper Books Product 18,Books,Harper,5843.88,4526,394,4.3,Prime Distributors,2023-08-18
369,McGraw Books Product 19,Books,McGraw,3785.35,2549,176,3.5,ABC Suppliers,2025-09-02
370,Oxford Books Product 20,Books,Oxford,1449.79,936,46,4.7,Prime Distributors,2025-01-22
371,McGraw Books Product 21,Books,McGraw,3334.15,2839,326,4.9,Prime Distributors,2022-11-19
372,Harper Books Product 22,Books,Harper,2494.74,1773,155,3.7,Smart Wholesale,2021-04-12
373,Harper Books Product 23,Books,Harper,3574.56,2589,184,4.6,Global Traders,2024-05-04
374,McGraw Books Product 24,Books,McGraw,1802.67,1526,20,3.7,India Supply Hub,2025-01-14
375,McGraw Books Product 25,Books,McGraw,4064.32,3463,258,4.3,ABC Suppliers,2024-04-08
376,Harper Books Product 26,Books,Harper,2232.61,1888,57,4.9,Prime Distributors,2024-06-13
377,Harper Books Product 27,Books,Harper,6254.71,4528,245,3.8,Global Traders,2025-10-19
378,Harper Books Product 28,Books,Harper,615.45,427,144,4.5,India Supply Hub,2025-02-10
379,Harper Books Product 29,Books,Harper,5208.33,3886,175,4.7,Smart Wholesale,2022-04-21
380,Penguin Books Product 30,Books,Penguin,7417.53,4791,162,3.7,Prime Distributors,2021-07-01
381,Oxford Books Product 31,Books,Oxford,556.77,447,104,4.8,Prime Distributors,2021-11-14
382,Penguin Books Product 32,Books,Penguin,2439.29,1802,280,3.5,Prime Distributors,2021-06-16
383,McGraw Books Product 33,Books,McGraw,2274.41,1873,433,4.1,Smart Wholesale,2023-07-22
384,Harper Books Product 34,Books,Harper,4751.88,3900,171,4.7,Prime Distributors,2025-10-26
385,Harper Books Product 35,Books,Harper,4803.52,3147,201,4.6,Prime Distributors,2023-10-18
386,Harper Books Product 36,Books,Harper,701.68,495,282,4.5,Prime Distributors,2024-03-15
387,Oxford Books Product 37,Books,Oxford,2659.99,2203,397,3.6,Global Traders,2022-06-04
388,McGraw Books Product 38,Books,McGraw,2218.8,1800,40,4.7,Prime Distributors,2021-08-22
389,Oxford Books Product 39,Books,Oxford,5170.42,3902,378,4.2,ABC Suppliers,2023-09-08
390,McGraw Books Product 40,Books,McGraw,5505.55,4108,56,4.5,Global Traders,2021-03-27
391,Oxford Books Product 41,Books,Oxford,2009.58,1431,282,4.7,Global Traders,2023-10-18
392,Oxford Books Product 42,Books,Oxford,456.0,335,125,4.8,Smart Wholesale,2024-05-06
393,Oxford Books Product 43,Books,Oxford,2875.73,2227,476,3.6,India Supply Hub,2022-09-11
394,McGraw Books Product 44,Books,McGraw,3625.45,2962,408,3.8,Prime Distributors,2024-11-10
395,Oxford Books Product 45,Books,Oxford,2150.97,1764,57,4.6,ABC Suppliers,2022-03-21
396,Penguin Books Product 46,Books,Penguin,4049.36,2619,262,3.7,Smart Wholesale,2023-08-03
397,Oxford Books Product 47,Books,Oxford,877.83,743,220,4.2,ABC Suppliers,2025-04-19
398,Oxford Books Product 48,Books,Oxford,6620.86,4733,273,3.8,India Supply Hub,2023-02-18
399,Harper Books Product 49,Books,Harper,2331.2,1600,170,4.8,India Supply Hub,2023-12-08
400,Harper Books Product 50,Books,Harper,4374.47,3077,395,3.7,India Supply Hub,2023-07-26
401,Penguin Books Product 51,Books,Penguin,7161.81,4643,118,3.6,Smart Wholesale,2023-02-12
402,Oxford Books Product 52,Books,Oxford,5870.69,4169,443,4.6,India Supply Hub,2022-07-03
403,Harper Books Product 53,Books,Harper,4235.0,3013,474,4.8,Global Traders,2025-06-16
404,Penguin Books Product 54,Books,Penguin,563.4,385,402,3.6,Smart Wholesale,2025-12-20
405,Oxford Books Product 55,Books,Oxford,3464.26,2293,289,5.0,Prime Distributors,2022-07-05
406,Oxford Books Product 56,Books,Oxford,4030.65,2979,342,4.7,Global Traders,2025-01-09
407,Oxford Books Product 57,Books,Oxford,1304.86,855,166,4.4,Smart Wholesale,2022-05-06
408,Penguin Books Product 58,Books,Penguin,5885.53,4887,292,3.6,Global Traders,2022-02-21
409,Oxford Books Product 59,Books,Oxford,3240.29,2572,47,3.7,Smart Wholesale,2021-08-12
410,Harper Books Product 60,Books,Harper,3368.91,2729,317,3.8,India Supply Hub,2024-12-07
411,Harper Books Product 61,Books,Harper,361.79,310,438,4.3,Global Traders,2023-06-01
412,Penguin Books Product 62,Books,Penguin,3211.68,2568,361,4.0,Smart Wholesale,2023-01-03
413,McGraw Books Product 63,Books,McGraw,4322.39,3429,34,4.7,ABC Suppliers,2024-04-27
414,Oxford Books Product 64,Books,Oxford,2510.66,2003,303,4.3,Global Traders,2024-02-08
415,Penguin Books Product 65,Books,Penguin,1041.39,707,219,3.9,ABC Suppliers,2024-03-27
416,Penguin Books Product 66,Books,Penguin,360.71,288,313,4.1,Prime Distributors,2021-02-13
417,Penguin Books Product 67,Books,Penguin,2183.95,1499,474,4.6,Prime Distributors,2022-02-09
418,Penguin Books Product 68,Books,Penguin,4008.48,3183,90,3.9,Prime Distributors,2023-12-20
419,McGraw Books Product 69,Books,McGraw,4367.57,3731,112,4.3,Global Traders,2022-07-25
420,Harper Books Product 70,Books,Harper,6363.59,4766,27,3.7,ABC Suppliers,2025-04-22
421,Aashirvaad Grocery Product 1,Grocery,Aashirvaad,5479.21,3544,306,5.0,Global Traders,2023-02-23
422,Nestle Grocery Product 2,Grocery,Nestle,1811.63,1250,458,4.1,Prime Distributors,2022-12-18
423,Tata Grocery Product 3,Grocery,Tata,1123.35,780,91,4.3,Smart Wholesale,2025-06-06
424,Aashirvaad Grocery Product 4,Grocery,Aashirvaad,4772.1,3111,432,4.9,Global Traders,2022-10-12
425,Tata Grocery Product 5,Grocery,Tata,6436.0,4821,79,4.6,Prime Distributors,2022-02-04
426,Amul Grocery Product 6,Grocery,Amul,3266.74,2107,304,4.9,Prime Distributors,2021-12-17
427,Amul Grocery Product 7,Grocery,Amul,3738.11,2930,431,4.8,Smart Wholesale,2024-10-24
428,Nestle Grocery Product 8,Grocery,Nestle,3496.44,2724,135,4.9,Smart Wholesale,2023-07-01
429,Nestle Grocery Product 9,Grocery,Nestle,2491.74,1712,328,4.1,ABC Suppliers,2021-02-22
430,Nestle Grocery Product 10,Grocery,Nestle,4638.5,2927,267,4.7,India Supply Hub,2023-03-25
431,Amul Grocery Product 11,Grocery,Amul,1270.86,1044,400,4.3,Global Traders,2022-09-14
432,Amul Grocery Product 12,Grocery,Amul,5383.24,4444,286,3.6,India Supply Hub,2024-08-25
433,Tata Grocery Product 13,Grocery,Tata,6812.09,4711,457,3.6,Smart Wholesale,2023-12-03
434,Aashirvaad Grocery Product 14,Grocery,Aashirvaad,3043.51,2518,165,4.9,India Supply Hub,2022-01-20
435,Tata Grocery Product 15,Grocery,Tata,5004.28,4320,131,3.9,ABC Suppliers,2024-06-10
436,Aashirvaad Grocery Product 16,Grocery,Aashirvaad,3123.62,2519,404,4.7,India Supply Hub,2021-05-02
437,Aashirvaad Grocery Product 17,Grocery,Aashirvaad,986.46,756,260,4.2,ABC Suppliers,2025-08-03
438,Aashirvaad Grocery Product 18,Grocery,Aashirvaad,780.5,521,380,4.2,Smart Wholesale,2022-05-20
439,Aashirvaad Grocery Product 19,Grocery,Aashirvaad,3061.72,2231,72,4.6,Prime Distributors,2025-07-02
440,Nestle Grocery Product 20,Grocery,Nestle,917.04,725,434,3.9,ABC Suppliers,2025-01-02
441,Tata Grocery Product 21,Grocery,Tata,4798.11,3623,252,4.2,Smart Wholesale,2023-03-17
442,Aashirvaad Grocery Product 22,Grocery,Aashirvaad,1838.96,1334,445,4.0,Prime Distributors,2025-02-25
443,Nestle Grocery Product 23,Grocery,Nestle,1703.17,1253,228,3.7,Prime Distributors,2023-07-03
444,Nestle Grocery Product 24,Grocery,Nestle,5706.2,3999,352,4.3,Prime Distributors,2023-05-13
445,Tata Grocery Product 25,Grocery,Tata,1677.39,1276,479,4.3,India Supply Hub,2021-11-09
446,Tata Grocery Product 26,Grocery,Tata,1931.67,1212,437,3.8,India Supply Hub,2025-11-14
447,Nestle Grocery Product 27,Grocery,Nestle,5286.23,3305,141,4.3,Prime Distributors,2025-05-20
448,Amul Grocery Product 28,Grocery,Amul,3270.23,2294,323,3.9,Global Traders,2024-01-01
449,Tata Grocery Product 29,Grocery,Tata,4871.57,3739,130,3.7,ABC Suppliers,2024-06-02
450,Aashirvaad Grocery Product 30,Grocery,Aashirvaad,422.81,362,253,4.2,ABC Suppliers,2022-08-28
451,Nestle Grocery Product 31,Grocery,Nestle,1588.53,1089,355,4.4,Prime Distributors,2023-03-22
452,Tata Grocery Product 32,Grocery,Tata,2442.26,1610,191,5.0,Prime Distributors,2021-12-03
453,Amul Grocery Product 33,Grocery,Amul,1852.36,1591,176,4.8,Global Traders,2023-07-19
454,Amul Grocery Product 34,Grocery,Amul,2438.4,1925,381,4.9,India Supply Hub,2022-03-16
455,Amul Grocery Product 35,Grocery,Amul,6577.44,4875,377,5.0,Global Traders,2022-04-16
456,Nestle Grocery Product 36,Grocery,Nestle,5930.39,4101,146,3.5,India Supply Hub,2024-03-16
457,Aashirvaad Grocery Product 37,Grocery,Aashirvaad,2498.8,1821,398,4.8,Global Traders,2021-01-07
458,Aashirvaad Grocery Product 38,Grocery,Aashirvaad,5337.73,3432,89,4.8,India Supply Hub,2022-08-19
459,Nestle Grocery Product 39,Grocery,Nestle,3643.36,2640,202,4.9,Smart Wholesale,2022-04-08
460,Aashirvaad Grocery Product 40,Grocery,Aashirvaad,5482.86,4372,281,4.3,Smart Wholesale,2023-09-21
461,Amul Grocery Product 41,Grocery,Amul,5452.72,4143,373,3.9,Global Traders,2022-08-12
462,Nestle Grocery Product 42,Grocery,Nestle,4181.01,2696,385,4.0,ABC Suppliers,2024-02-17
463,Tata Grocery Product 43,Grocery,Tata,2016.54,1274,21,3.7,Smart Wholesale,2023-01-24
464,Aashirvaad Grocery Product 44,Grocery,Aashirvaad,3055.68,2154,500,3.5,India Supply Hub,2022-02-26
465,Nestle Grocery Product 45,Grocery,Nestle,5157.02,3602,98,3.7,Global Traders,2024-12-26
466,Nestle Grocery Product 46,Grocery,Nestle,3949.34,2660,77,4.8,ABC Suppliers,2021-01-02
467,Tata Grocery Product 47,Grocery,Tata,1784.33,1391,148,4.2,India Supply Hub,2024-09-18
468,Tata Grocery Product 48,Grocery,Tata,5455.67,4415,353,4.9,Global Traders,2021-05-13
469,Aashirvaad Grocery Product 49,Grocery,Aashirvaad,2787.57,2334,456,4.9,Global Traders,2021-01-09
470,Aashirvaad Grocery Product 50,Grocery,Aashirvaad,2352.57,1670,135,4.3,Prime Distributors,2022-06-05
471,Amul Grocery Product 51,Grocery,Amul,6761.03,4503,39,4.9,ABC Suppliers,2021-01-23
472,Nestle Grocery Product 52,Grocery,Nestle,5509.09,3506,315,3.7,Smart Wholesale,2023-12-10
473,Nestle Grocery Product 53,Grocery,Nestle,4437.5,3037,182,4.6,Prime Distributors,2022-12-27
474,Tata Grocery Product 54,Grocery,Tata,3499.67,2444,281,4.4,India Supply Hub,2023-12-16
475,Nestle Grocery Product 55,Grocery,Nestle,6674.59,4625,377,4.9,ABC Suppliers,2025-05-18
476,Tata Grocery Product 56,Grocery,Tata,6990.17,4509,185,4.7,Global Traders,2021-11-24
477,Aashirvaad Grocery Product 57,Grocery,Aashirvaad,6445.24,4419,31,4.8,ABC Suppliers,2025-06-23
478,Tata Grocery Product 58,Grocery,Tata,5546.8,3801,420,4.6,Smart Wholesale,2025-01-11
479,Aashirvaad Grocery Product 59,Grocery,Aashirvaad,6455.27,4839,179,4.7,Prime Distributors,2025-01-17
480,Tata Grocery Product 60,Grocery,Tata,5004.56,4276,174,3.5,India Supply Hub,2024-10-24
481,Amul Grocery Product 61,Grocery,Amul,5775.87,3675,232,5.0,Smart Wholesale,2023-12-13
482,Aashirvaad Grocery Product 62,Grocery,Aashirvaad,2997.96,2172,370,5.0,ABC Suppliers,2022-04-19
483,Aashirvaad Grocery Product 63,Grocery,Aashirvaad,5120.09,3944,277,3.8,Global Traders,2023-01-03
484,Aashirvaad Grocery Product 64,Grocery,Aashirvaad,5153.63,4191,166,3.5,Global Traders,2023-12-09
485,Amul Grocery Product 65,Grocery,Amul,5804.27,4327,46,3.9,Smart Wholesale,2025-04-04
486,Amul Grocery Product 66,Grocery,Amul,3709.64,3078,80,4.2,ABC Suppliers,2023-03-08
487,Amul Grocery Product 67,Grocery,Amul,5533.74,4139,64,3.8,ABC Suppliers,2024-10-21
488,Nestle Grocery Product 68,Grocery,Nestle,1173.79,864,356,4.7,Global Traders,2021-12-07
489,Amul Grocery Product 69,Grocery,Amul,3004.04,2362,381,4.3,Global Traders,2023-03-02
490,Amul Grocery Product 70,Grocery,Amul,2868.92,2032,324,3.9,India Supply Hub,2025-03-15
